"place_id","name","rating","user_ratings_total","address","website","price_level","url"
"ChIJlQmJEMdZkWsRzUuX43GOCLo","Mosconi",5,42,"164B Arthur St, Fortitude Valley QLD 4006, Australia","https://www.mosconi.com.au/",,"https://maps.google.com/?cid=13405120910669073357"
"ChIJ_7eWWCBZkWsRAummp-S5EfA","Restaurant Dan Arnold",5,54,"10/959 Ann St, Fortitude Valley QLD 4006, Australia","http://www.restaurantdanarnold.com/",,"https://maps.google.com/?cid=17298812035423201538"
"ChIJ10IuBdlRkWsRTHuxAt0pbOU","Steve Kim's Food",5,64,"6/1 Park Rd, Milton QLD 4064, Australia",,,"https://maps.google.com/?cid=16531634361379945292"
"ChIJ18e6O9dRkWsRatLp0WX4eSQ","Ngon Brisbane",5,41,"233 Given Terrace, Paddington QLD 4064, Australia","http://ngonbrisbane.com.au/",,"https://maps.google.com/?cid=2628404973744542314"
"ChIJbUudZRtakWsRNW8vufRLe6Y","URBBANA Brisbane",4.9,72,"106 Edward St, Brisbane City QLD 4000, Australia","https://www.urbbana.com.au/",,"https://maps.google.com/?cid=11996265546882445109"
"ChIJ3YLEMRhZkWsRkRe-Tewvyjo","Istanbul 1923",4.9,110,"695 Brunswick St, New Farm QLD 4005, Australia","http://www.istanbul1923.com.au/",,"https://maps.google.com/?cid=4236251091458463633"
"ChIJGwfKJxNZkWsR4UVlZduzBsw","Mekhong Brisbane",4.9,53,"Shop 2/702 Brunswick St, New Farm QLD 4005, Australia","https://mekhong-brisbane.business.site/",,"https://maps.google.com/?cid=14701635788477908449"
"ChIJAT9BcB1ZkWsR607nTwgzO4I","La Cache � V�n",4.9,79,"215 Wharf St, Spring Hill QLD 4000, Australia","http://www.lacacheavin.com.au/",,"https://maps.google.com/?cid=9384150359349874411"
"ChIJ2eHnYldZkWsRYy81nLiNdu4","Via He",4.9,48,"11 Little St, Fortitude Valley QLD 4006, Australia",,,"https://maps.google.com/?cid=17183077252312936291"
"ChIJDQ9z7YZZkWsR6Xv1KbIa28w","Soapbox Beer",4.9,43,"89/101 Gipps St, Fortitude Valley QLD 4006, Australia","https://www.soapbox.beer/",,"https://maps.google.com/?cid=14761421556147387369"
"ChIJgU2EVbVZkWsRQF7vRckIyHs","Carl's Wine Bar and Bistro",4.9,47,"1/22 Wyandra St, Newstead QLD 4005, Australia","http://www.carlsnewstead.com.au/",1,"https://maps.google.com/?cid=8919388722562031168"
"ChIJ95Hj61FXkWsRB7GnU0B3nkc","Botanica Real Food",4.9,150,"9/1 Enoggera Terrace, Red Hill QLD 4059, Australia","http://www.botanicarealfood.com.au/",,"https://maps.google.com/?cid=5160693341178278151"
"ChIJg_OOu6FQkWsR8_GHaF_j6xc","C� Ph� Nam",4.9,83,"4/60 Vulture St, West End QLD 4101, Australia","https://www.facebook.com/CaPheNamWestEnd/",1,"https://maps.google.com/?cid=1723721281314484723"
"ChIJE1YQLiZbkWsR0yh_h7LnaH4","Fish on the Grill at Highgate Hill",4.9,55,"28 Gladstone Rd, Highgate Hill QLD 4101, Australia",,,"https://maps.google.com/?cid=9108785000320280787"
"ChIJGYtSRglRkWsRFnRtoLV0A8Y","Gala Thai Restaurant",4.9,131,"shop 2/235 Boundary St, West End QLD 4101, Australia","https://www.galathaiwestend.com.au/",1,"https://maps.google.com/?cid=14268376367869293590"
"ChIJ4R8gNkxRkWsRIpyvoChCDtc","Viet Soul Restaurant",4.9,53,"93 Hardgrave Rd, West End QLD 4101, Australia","https://viet-soul-restaurant.business.site/",,"https://maps.google.com/?cid=15496396110090443810"
"ChIJCXt0NStbkWsR_-j9nO0CDUw","Shunsai",4.9,41,"t5/45 Wellington Rd, East Brisbane QLD 4169, Australia","http://shunsai.com.au/",2,"https://maps.google.com/?cid=5480039541144152319"
"ChIJewik22hbkWsR9VGC9YtarqQ","KIMCHI CHEESE SMILE contemporary restaurant",4.9,114,"2/888 Stanley St E, East Brisbane QLD 4169, Australia","https://kimchicheesesmile.com.au/",1,"https://maps.google.com/?cid=11866521625333748213"
"ChIJOwSwVkBakWsRpt3h7ylW0fg","My Street Food",4.9,146,"130 Logan Rd, Woolloongabba QLD 4102, Australia","https://www.facebook.com/mystreetfood/",1,"https://maps.google.com/?cid=17929206329656860070"
"ChIJpaO9gelbkWsR2GGGCfAGp6E","Secret Recipe - Indian Cuisine",4.8,61,"5/22 Baildon St Kangaroo Point QLD 4169 qaa, Kangaroo Point QLD 4169, Australia","http://www.secretrecipe.com.au/",,"https://maps.google.com/?cid=11648286589238796760"
"ChIJDY-YnUNZkWsRLBPREnSRri8","Hikari",4.8,58,"55a Florence St, Teneriffe QLD 4005, Australia","http://www.hikariteneriffe.com.au/",,"https://maps.google.com/?cid=3435843493448192812"
"ChIJj-POCNNZkWsR_QPACzrFRQo","Richard's Tasty Corner",4.8,40,"52-53 Commercial Rd, Teneriffe QLD 4005, Australia","https://www.tastycorner.com.au/",,"https://maps.google.com/?cid=740214566868222973"
"ChIJm0uyBN1ZkWsRIoDRdCjbrW4","Bare Naked Bowls",4.8,46,"11 Stratton St, Newstead QLD 4006, Australia","https://www.barenakedbowls.com.au/",,"https://maps.google.com/?cid=7975271481948078114"
"ChIJB5Mg8a9QkWsRbLlFA370tSo","Makiya",4.8,52,"12/1 Park Rd, Milton QLD 4064, Australia",,1,"https://maps.google.com/?cid=3077634742435559788"
"ChIJvRCcAehRkWsRUQZDcR19Xzo","Ciro's Italian Restaurant",4.8,68,"3/418 Milton Rd , Corner of, Ridley St, Auchenflower QLD 4066, Australia","https://cirositalianrestaurant.business.site/",,"https://maps.google.com/?cid=4206218142395074129"
"ChIJ73MLVaBQkWsR35VIGwZ3ZZc","Jacaranda Coffee Lane",4.8,223,"3/173 Boundary St, West End QLD 4101, Australia","https://m.facebook.com/jacarandacoffeelane/",2,"https://maps.google.com/?cid=10909256540486145503"
"ChIJHfC5v6BQkWsRUuo8rdt35PI","Wrapture",4.8,269,"71 Russell St, West End QLD 4101, Australia","http://www.cafewrapture.com.au/",1,"https://maps.google.com/?cid=17502245837256583762"
"ChIJ4bDCOQNakWsRzKgUCPDjHfM","Mr. Bunz",4.8,80,"Shop 3/97 Boundary St, West End QLD 4101, Australia","http://mrbunz.com.au/",1,"https://maps.google.com/?cid=17518408745608325324"
"ChIJN5kzVKBQkWsRoBUjMvYp8RQ","The Fat Carrot",4.8,53,"179 Boundary St, West End QLD 4101, Australia","http://www.thefatcarrot-westend.com.au/",,"https://maps.google.com/?cid=1509033487525680544"
"ChIJ73MLVaBQkWsRhMVhP6Z24gU","Eat Mii Cafe",4.8,136,"181A Boundary St, West End QLD 4101, Australia","http://www.facebook.com/eatmiicafe",,"https://maps.google.com/?cid=424031771326268804"
"ChIJi3PjrXRakWsRS-WLjnHmaWQ","Stone & Brew",4.8,109,"36 Gladstone Rd, Highgate Hill QLD 4101, Australia","http://www.stoneandbrew.com.au/",,"https://maps.google.com/?cid=7235567651744638283"
"ChIJD0i6SaBQkWsRcjN5J2m5kGU","Kebab Sizzle",4.8,56,"156 Boundary St, West End QLD 4101, Australia",,1,"https://maps.google.com/?cid=7318553255762015090"
"ChIJI6vLwu5RkWsR6llHbfPbyAw","You Came Again",4.8,81,"245 Boundary St, West End QLD 4101, Australia","http://www.youcameagainvegantapasbar.com.au/",,"https://maps.google.com/?cid=921227962354194922"
"ChIJg-Dvdp9QkWsR5fSu7S8htKI","Insane Acai Bar",4.8,130,"120 Boundary St, West End QLD 4101, Australia",,1,"https://maps.google.com/?cid=11724032219687089381"
"ChIJ1aiSoDxakWsRw1Goch7IDJM","Smokey Moo",4.8,191,"6/53 Lytton Road Corner Latrobe St and, Lytton Rd, East Brisbane QLD 4169, Australia","https://www.facebook.com/Smokey-Moo-1554511744639304/",,"https://maps.google.com/?cid=10596064056394142147"
"ChIJkQTbUWpakWsRglMTIOs0hvE","Gabba Chinese & Noodles",4.8,62,"80 Ipswich Rd, Woolloongabba QLD 4102, Australia",,1,"https://maps.google.com/?cid=17403655994479956866"
"ChIJkTitnBtakWsRdhS67-oLyn4","Urbane Restaurant",4.7,210,"181 Mary St, Brisbane City QLD 4001, Australia","http://www.urbanerestaurant.com/",4,"https://maps.google.com/?cid=9136127897746674806"
"ChIJs0MsTIpZkWsRYZEy4GfMQzs","Continental Cafe",4.7,123,"21 Barker St, New Farm QLD 4005, Australia","http://www.continentalcafe.com.au/",2,"https://maps.google.com/?cid=4270481618192470369"
"ChIJDfur3xxakWsROBZUTWKWtfU","Vege Rama - Adelaide St",4.7,160,"ANZAC Square, shop 1/241 Adelaide St, Brisbane City QLD 4000, Australia","http://vegerama.com.au/",,"https://maps.google.com/?cid=17705222859025290808"
"ChIJSRTT4mlZkWsRSdnxw1h0Rj4","Yard Doggs fortitude valley",4.7,66,"6/24 Martin St, Fortitude Valley QLD 4006, Australia","https://yard-doggs-fortitude-valley.business.site/",,"https://maps.google.com/?cid=4487402003314628937"
"ChIJwTycuYhZkWsRFjAEHlrSHeg","Allium",4.7,111,"148 Merthyr Rd, Brisbane City QLD 4005, Australia","http://www.allium.com.au/",2,"https://maps.google.com/?cid=16725755875616370710"
"ChIJafmB-_hZkWsRW_nOXvgm0sQ","Creole Soul Kitchen",4.7,293,"448 Boundary St, Spring Hill QLD 4000, Australia","https://facebook.com/creolesoulkitchen/",2,"https://maps.google.com/?cid=14182441024727480667"
"ChIJJQEVV_FZkWsR5nVIZGBtjDU","Tea Master Vegetarian Cafe Restaurant",4.7,189,"8/115 Wickham St, Fortitude Valley QLD 4006, Australia","https://www.facebook.com/TeaMasterVegetarianCafeRestaurant/",1,"https://maps.google.com/?cid=3858579241516430822"
"ChIJXaj-sfJZkWsRdan8M2_iNaU","Casa Nostra Ristorante Brisbane",4.7,232,"Shop 6/100 McLachlan St, Fortitude Valley QLD 4006, Australia","http://www.casanostraristorante.com.au/",2,"https://maps.google.com/?cid=11904670157265217909"
"ChIJE08FxARakWsROUDvEMtW5RY","Govinda's Food for Life",4.7,52,"226 Brunswick St, Fortitude Valley QLD 4006, Australia","http://www.brisbanegovindas.com.au/",1,"https://maps.google.com/?cid=1649820268663619641"
"ChIJ21d_LFJZkWsRP8dql2a9XE4","Momiji Japanese Restaurant",4.7,41,"27 Commercial Rd, Newstead QLD 4006, Australia","https://momiji-japanese-restaurant.business.site/",,"https://maps.google.com/?cid=5646596281140430655"
"ChIJ0_1dd5BZkWsR1_ivb1fa_sE","Beccofino",4.7,520,"10 Vernon Terrace, Teneriffe QLD 4005, Australia","http://beccofino.com.au/",2,"https://maps.google.com/?cid=13978850362475411671"
"ChIJS7yYiJBZkWsR49jfTrkxj4M","Zero Fox",4.7,383,"36 Vernon Terrace, Teneriffe QLD 4005, Australia","http://www.zerofoxbne.com.au/",2,"https://maps.google.com/?cid=9479850412600187107"
"ChIJbcGs2OhZkWsR7X6_eldgtyg","The Stuffed Badger; Coffee, Restaurant and Bar",4.7,152,"shop 1/11 Bowen Bridge Rd, Herston QLD 4006, Australia","http://www.thestuffedbadger.com/",2,"https://maps.google.com/?cid=2933919611092958957"
"ChIJxX4ULO1ZkWsRdWAPDjnjW0I","Porkees Vietnamese Deli",4.7,90,"540 Wickham St, Fortitude Valley QLD 4006, Australia","http://www.porkees.com.au/",1,"https://maps.google.com/?cid=4781665263572443253"
"ChIJDb9g05hZkWsRD_6g7TAsulo","Thai Legend",4.7,58,"78 Oxford St, Bulimba QLD 4171, Australia","http://www.thailegendrestaurant.com.au/",,"https://maps.google.com/?cid=6537586397738499599"
"ChIJJ6N-EK1QkWsRw5sV-YGCRSU","Grappino",4.7,141,"226 Given Terrace, Paddington QLD 4064, Australia","http://www.grappino.com.au/",2,"https://maps.google.com/?cid=2685696247537703875"
"ChIJl50M_LVRkWsRqKPIt2SZWXU","Yavanna",4.7,200,"9/2 Latrobe Terrace, Paddington QLD 4064, Australia","http://www.yavanna.com.au/",2,"https://maps.google.com/?cid=8455958433223975848"
"ChIJxY-J17RQkWsRpa-7SmyTAwQ","NA�M",4.7,447,"14 Collingwood St, Paddington QLD 4064, Australia","https://www.naimrestaurant.com.au/",2,"https://maps.google.com/?cid=289236894401408933"
"ChIJSQbR2FdXkWsR2zdUcLdmPDI","DannyBoys Stores",4.7,245,"Shop 3/88 Musk Ave, Kelvin Grove QLD 4059, Australia","http://www.dannyboys.com.au/",1,"https://maps.google.com/?cid=3619881138548651995"
"ChIJfyi7zN5XkWsRclywRrq4xtw","Cafe Artease",4.7,65,"Shop 1/31 Musk Ave, Kelvin Grove QLD 4059, Australia","https://www.instagram.com/cafeartease",1,"https://maps.google.com/?cid=15908605843922246770"
"ChIJPWmw9MNbkWsRS0LrKI6rooo","Grassfed",4.7,182,"67 Fish Ln, South Brisbane QLD 4101, Australia","http://grassfedvegan.com.au/",,"https://maps.google.com/?cid=9989735550521393739"
"ChIJb72PFZdbkWsRdjWOmUVIuLg","Evening in India Restaurant",4.7,85,"64-66 Manning St, South Brisbane QLD 4101, Australia","http://www.eveninginindia.com.au/",,"https://maps.google.com/?cid=13310468162459678070"
"ChIJJaEkf6RQkWsR6uHk77RjZHA","Grown",4.7,243,"Shop G03/21 Buchanan St, West End QLD 4101, Australia","https://grownbne.com/",2,"https://maps.google.com/?cid=8098707658689012202"
"ChIJW0Np8aZbkWsRYGHj_McZRpM","Coco Bliss South Bank",4.7,48,"178 Grey St, South Brisbane QLD 4101, Australia","http://www.cocobliss.com.au/",,"https://maps.google.com/?cid=10612197918677098848"
"ChIJvwifoxhbkWsRozZVrmD5sfI","Nostimo Restaurant Bar",4.7,68,"29 Edmondstone St, South Brisbane QLD 4101, Australia","https://www.nostimorestaurant.com.au/",,"https://maps.google.com/?cid=17488033021693343395"
"ChIJvYbjLm1akWsRqljqjp9ESrA","Boo's Kitchen",4.7,138,"Shop 1/12 Annerley Rd, South Brisbane QLD 4101, Australia","http://www.booskitchen.com.au/",2,"https://maps.google.com/?cid=12703041151040116906"
"ChIJb4qRKexbkWsRxx437_KMAuM","Lemak East Brisbane BYO",4.7,88,"5/53 Lytton Rd, East Brisbane QLD 4169, Australia","http://lemak.com.au/",,"https://maps.google.com/?cid=16357791771586404039"
"ChIJl87TIBVakWsRL99IXWEU6hg","Oishii Oishii Sushi",4.7,68,"789 Stanley St, Woolloongabba QLD 4102, Australia","https://www.facebook.com/Oishii-Oishii-Sushi-216147055674272/?modal=admin_todo_tour",1,"https://maps.google.com/?cid=1795269809870004015"
"ChIJtXrvNhVakWsRO6MchM4WMhI","Electric Avenue JR",4.7,255,"23 Logan Rd, Woolloongabba QLD 4102, Australia","http://www.electricavenuejr.com.au/",2,"https://maps.google.com/?cid=1311135517753779003"
"ChIJR2CDfhtakWsRe3lPVbAdCW0","Doo-Bop Bar",4.6,650,"101 Edward St, Brisbane City QLD 4000, Australia","https://doo-bop.com.au/",2,"https://maps.google.com/?cid=7856843668107262331"
"ChIJIY6ydB1akWsRWb7n7BPqN3A","Saigon Alley Cafe"",4.6,80,"2c/313 Adelaide St, Brisbane City QLD 4000, Australia","https://www.facebook.com/Saigonalleycafe/",1,"https://maps.google.com/?cid=8086189027266903641"
"ChIJaZR4Dh9akWsRykYGlYNw_BI","Mitoki Japanese Modern Tapas",4.6,144,"35 Rotherham St, Kangaroo Point QLD 4169, Australia",,1,"https://maps.google.com/?cid=1368092097257031370"
"ChIJmb073iBakWsRxevDeWgp8Fk","Vine Restaurant Bar",4.6,95,"5/158 Moray St, New Farm QLD 4005, Australia","http://www.vinerestaurant.com.au/",2,"https://maps.google.com/?cid=6480725392482364357"
"ChIJB7XiuYlZkWsRWvGs-eyBwKk","To Be Thai",4.6,93,"92 Merthyr Rd, New Farm QLD 4005, Australia","https://www.2bthai.com.au/",,"https://maps.google.com/?cid=12231919442739392858"
"ChIJOaRPC4dZkWsRewLSLsufVGM","Brisbane Powerhouse",4.6,2858,"119 Lamington St, New Farm QLD 4005, Australia","https://brisbanepowerhouse.org/?utm_source=google&utm_medium=organic&utm_campaign=gmb",,"https://maps.google.com/?cid=7157521402811253371"
"ChIJLZkWUR1akWsRUW_z7eSqkf4","Ovolo Inchcolm",4.6,405,"73 Wickham Terrace, Spring Hill QLD 4000, Australia","https://ovolohotels.com.au/ovoloinchcolm/?utm_source=local&utm_medium=organic&utm_campaign=gmb",,"https://maps.google.com/?cid=18343630657478160209"
"ChIJldHMRSxFkWsRJ0CW7apiixc","Farah Restaurant",4.6,501,"391 Wickham Terrace, Spring Hill QLD 4000, Australia","http://farahrestaurant.com.au/",2,"https://maps.google.com/?cid=1696558170905133095"
"ChIJnwAV9wJakWsRZxsUZ0dyjMc","Vice Cafe",4.6,41,"Wickham Terrace, Spring Hill QLD 4000, Australia","http://www.facebook.com/vicecafesh",,"https://maps.google.com/?cid=14378993361284766567"
"ChIJYb1EDvZZkWsRiDhXPRX7ZiM","La Vue Waterfront Restaurant",4.6,221,"1/501 Queen St, Brisbane City QLD 4000, Australia","http://lavuerestaurant.com.au/",3,"https://maps.google.com/?cid=2551002307593975944"
"ChIJ__-_QvZZkWsRFjbfAp_pmtg","Spice Den",4.6,88,"457 Ann St, Brisbane City QLD 4000, Australia","http://spiceden.com.au/",,"https://maps.google.com/?cid=15608044327763129878"
"ChIJrWsWRfNZkWsRuo5u0n2t-2g","Bloodhound Corner Bar & Kitchen",4.6,347,"454 Brunswick St, Fortitude Valley QLD 4006, Australia","http://www.bloodhoundcornerbar.com.au/",2,"https://maps.google.com/?cid=7564830755011858106"
"ChIJaWJAthVZkWsRn3LDcyiCIvI","Betty's Burgers & Concrete Co",4.6,123,"5/5 Boundary St, Brisbane City QLD 4000, Australia","https://www.bettysburgers.com.au/",2,"https://maps.google.com/?cid=17447651016639214239"
"ChIJAwzwtItZkWsRtskPdgA10Xw","Gerties Bar and Restaurant",4.6,121,"699 Brunswick St, New Farm QLD 4005, Australia","http://gertiesbar.com.au/",2,"https://maps.google.com/?cid=8994028206932609462"
"ChIJgdJkBUNZkWsR98BOck8GoVE","Dum n Rum",4.6,214,"694 Brunswick St, New Farm QLD 4005, Australia","https://www.dumnrum.com.au/",2,"https://maps.google.com/?cid=5881989526612525303"
"ChIJ__-ToYtZkWsRPwkX-ufcls4","Ablas Kebab",4.6,40,"Qld, Brisbane, 5/660 Brunswick St, New Farm QLD 4005, Australia",,,"https://maps.google.com/?cid=14886328507211123007"
"ChIJdYr1aPNZkWsRtlPDJc3d8KE","Grumpy G's Kitchen",4.6,43,"shop 6c/421 Brunswick St, Fortitude Valley QLD 4006, Australia",,,"https://maps.google.com/?cid=11669070507688547254"
"ChIJd48ypo1ZkWsRIiWiM-GKW5Y","Fogata Bar & Restaurant",4.6,285,"2/79 James St, New Farm QLD 4006, Australia","http://www.fogata.com.au/",2,"https://maps.google.com/?cid=10834406028408399138"
"ChIJaxgydfJZkWsR_-d4zC2yA10","Dutch Courage - gin bar & restaurant",4.6,266,"51 Alfred St, Fortitude Valley QLD 4006, Australia","http://www.dutchcourage.com.au/",2,"https://maps.google.com/?cid=6702396580231178239"
"ChIJj_6-0u1ZkWsRJtyfRiO-9ys","Montrachet",4.6,247,"Shop 1/30 King St, Bowen Hills QLD 4006, Australia","http://www.montrachet.com.au/",3,"https://maps.google.com/?cid=3168209921596447782"
"ChIJAUYjd_FZkWsRt0k1q2-Ms8k","The Valley Wine Bar",4.6,40,"171 Alfred St, Fortitude Valley QLD 4006, Australia","https://www.thevalleywinebar.com/",,"https://maps.google.com/?cid=14534114833696377271"
"ChIJaXCywfNZkWsRKpQujyuJ-wM","Tatsu Ramen Gyoza Bar",4.6,366,"12/12 Duncan St, Fortitude Valley QLD 4006, Australia","https://tatsu-ramen-gyoza-bar.business.site/?copy",2,"https://maps.google.com/?cid=286973821446951978"
"ChIJl9O62JJZkWsR5dUrV-_a66I","Shushokuya Masa",4.6,109,"26/1000 Ann St, Fortitude Valley QLD 4006, Australia","http://www.shushokuyamasa.com.au/",1,"https://maps.google.com/?cid=11739717575165859301"
"ChIJB3fumZNZkWsR0ckW-35rNlI","The Triffid",4.6,1450,"7/9 Stratton St, Newstead QLD 4006, Australia","http://www.thetriffid.com.au/",2,"https://maps.google.com/?cid=5924040552975092177"
"ChIJ_2Dh3ZJZkWsRnLPxMaUmpXc","Ristorante Tartufo",4.6,481,"1000 Ann St., Fortitude Valley QLD 4006, Australia","http://www.tartufo.com.au/",3,"https://maps.google.com/?cid=8621339552620065692"
"ChIJsyLba5JZkWsR_44uIeGe-jQ","Botanica Real Food",4.6,130,"29 Doggett St, Newstead QLD 4006, Australia","http://botanicarealfood.com.au/teneriffe/",2,"https://maps.google.com/?cid=3817538323911446271"
"ChIJtdbPoJJZkWsRC_35zQexKdA","Fresh Sushi Co",4.6,68,"c09/22 James St, Fortitude Valley QLD 4006, Australia","http://www.freshfishco.com.au/freshsushico/",,"https://maps.google.com/?cid=14999714681012747531"
"ChIJnROp7EFZkWsROi45kR8a-cc","City Winery Brisbane",4.6,46,"11 Wandoo St, Fortitude Valley QLD 4006, Australia","https://www.citywinery.com.au/",,"https://maps.google.com/?cid=14409577205631364666"
"ChIJu9L825JZkWsR9dBkN53MLK4","Max & Mason",4.6,153,"1000 Ann St, Fortitude Valley QLD 4006, Australia","https://www.facebook.com/pg/Maxmasonqld/about/?ref=page_internal",1,"https://maps.google.com/?cid=12550631237186015477"
"ChIJyzMBAZFZkWsReIFxLAdTHE0","Tocco Italiano",4.6,164,"1 Florence St, Teneriffe QLD 4005, Australia","http://www.toccoitaliano.com.au/",,"https://maps.google.com/?cid=5556407330543862136"
"ChIJY5JrjANakWsRgb0rwb3zu7M","Steamed",4.6,119,"95 Turbot St, Brisbane City QLD 4000, Australia","https://www.facebook.com/steamedcatering",1,"https://maps.google.com/?cid=12951213149749230977"
"ChIJq6peEQRakWsRjSbi7Cj_O2g","Greenglass",4.6,169,"336 George St, Brisbane City QLD 4000, Australia","http://www.greenglasswine.com/",2,"https://maps.google.com/?cid=7510877354808452749"
"ChIJM2a-Rw1bkWsR-3ll9dxVwWs","Brisbane Quarter",4.6,225,"300 George St, Brisbane City QLD 4000, Australia","https://brisbanequarter.business.site/?utm_source=gmb&utm_medium=referral",,"https://maps.google.com/?cid=7764581640061680123"
"ChIJ5RGmFapQkWsRtebdMv76QW4","Libertine Restaurant & Cocktail Bar",4.6,270,"5/61 Petrie Terrace, Brisbane City QLD 4000, Australia","http://www.libertine.net.au/",3,"https://maps.google.com/?cid=7944907187340306101"
"ChIJPeQAoq9QkWsRTXi5HQRrzt4","Aether Brewing",4.6,660,"35 Railway Terrace, Milton QLD 4064, Australia","http://www.aetherbrewing.com.au/",2,"https://maps.google.com/?cid=16054887387045132365"
"ChIJPxkPC69QkWsR9z6p7CwsW68","Mrs Luu's Vietnamese Canteen",4.6,153,"25 Railway Terrace, Milton QLD 4064, Australia","https://www.mrsluus.com.au/",1,"https://maps.google.com/?cid=12635741750978756343"
"ChIJ_Qk18a9QkWsRUfEpIfB4yXo","Pita Pit",4.6,78,"5/1 Park Rd, Milton QLD 4064, Australia","https://www.pitapit.com.au/",1,"https://maps.google.com/?cid=8847735915689931089"
"ChIJydsKK7dQkWsR_Y31fdPzf7c","Heart Thai Food - My Thai Kitchen",4.6,190,"Shop 18 Milton Village, 36 Baroona Rd, Milton QLD 4064, Australia","https://www.heartthaifood.com.au/",2,"https://maps.google.com/?cid=13222555120659959293"
"ChIJLbHamblQkWsRRuC45duKH0Y","My Thai Restaurant",4.6,222,"113 Haig Rd, Auchenflower QLD 4066, Australia","http://www.mythai.com.au/",2,"https://maps.google.com/?cid=5052909983989555270"
"ChIJFTQ8LbFQkWsRHX0pYs7u_2g","Zutto Bento",4.6,95,"shop 3/21 Nash St, Paddington QLD 4064, Australia","http://www.zuttobento.com/",,"https://maps.google.com/?cid=7566028469183282461"
"ChIJr6HxUKpQkWsRfjghQ6ZeMt0","Black Hide Steakhouse",4.6,450,"36 Caxton St, Brisbane City QLD 4000, Australia","http://www.blackhidesteakhouse.com.au/",2,"https://maps.google.com/?cid=15938906099401439358"
"ChIJIW1RG61QkWsRogalVEjI-w4","Anouk Cafe",4.6,281,"212 Given Terrace, Paddington QLD 4064, Australia","http://www.anoukcafe.com/",2,"https://maps.google.com/?cid=1079676748668667554"
"ChIJufnF4qxQkWsRR94xMrWrbpk","Gnocchi Gnocchi Brothers",4.6,508,"210 Given Terrace, Paddington QLD 4064, Australia","http://www.gnocchignocchibrothers.com.au/",1,"https://maps.google.com/?cid=11055962929960705607"
"ChIJPcnKmqxQkWsRL9jHz6-bHew","Sultans Kitchen",4.6,144,"163 Given Terrace, Paddington QLD 4064, Australia","https://www.sultanskitchen.net.au/",2,"https://maps.google.com/?cid=17013926146683164719"
"ChIJachlxrJQkWsRc15KwW-DtxQ","Marinara Trattoria",4.6,375,"34 Latrobe Terrace, Paddington QLD 4064, Australia","https://www.facebook.com/marinaracaferestaurant/",2,"https://maps.google.com/?cid=1492806317504093811"
"ChIJad0LiAhakWsR7RjubjAxzSk","Julius Pizzeria",4.6,1452,"77 Grey St, South Brisbane QLD 4101, Australia","http://juliuspizzeria.com.au/",2,"https://maps.google.com/?cid=3012117809870018797"
"ChIJU95rMghakWsRChHzFxxeNO4","La Lune Wine Co",4.6,109,"44 Fish Ln, South Brisbane QLD 4101, Australia","http://www.lalunewineco.com.au/",3,"https://maps.google.com/?cid=17164447554569703690"
"ChIJQ37UlIBbkWsRHgvfPJ1IgSw","Ramen Danbo South Brisbane",4.6,239,"52 Merivale St, South Brisbane QLD 4101, Australia","http://ramendanbo.com.au/",2,"https://maps.google.com/?cid=3206924249832819486"
"ChIJC2Qzp-9bkWsR6dsizeih9ig","Black Hide by Gambaro at Treasury Brisbane",4.6,55,"Level 1, Treasury Casino Building (William Street Corner Top of Queen Street Mall, Brisbane City QLD 4000, Australia","https://www.treasurybrisbane.com.au/casino-restaurants/black-hide?utm_medium=organic&utm_source=gmb&utm_content=listing&utm_term=BNE-organic&utm_campaign=black-hide",,"https://maps.google.com/?cid=2951724627034037225"
"ChIJnZfB1AlakWsRauNefI9y2tQ","Big Roddy's Rippin' Rib Shack",4.6,575,"67 Fish Ln, South Brisbane QLD 4101, Australia","https://www.bigroddysribs.com/",2,"https://maps.google.com/?cid=15337697441556128618"
"ChIJjUNySadQkWsRdY-B_ihzF1Q","Vegeme",4.6,445,"9/220 Melbourne St, South Brisbane QLD 4101, Australia","http://www.facebook.com/VegeMe/",1,"https://maps.google.com/?cid=6059438443556081525"
"ChIJJ0gToqBRkWsRKatNUC6E8pU","Ballistic Beer West End",4.6,147,"1/208 Montague Rd, West End QLD 4101, Australia","http://ballisticbeer.com.au/",2,"https://maps.google.com/?cid=10804843790465870633"
"ChIJxxdHcKBQkWsRsMC5bQXR8CE","Red Stone Pizzeria & Bagelry Cafe",4.6,100,"104 Vulture St, West End QLD 4101, Australia","http://www.redstonepizzeria.com.au/",2,"https://maps.google.com/?cid=2445684418908111024"
"ChIJXYtKs6FQkWsREnsgKcPQsbk","Govinda's pure vegetarian cafe",4.6,217,"82 Vulture St, West End QLD 4101, Australia","http://brisbanegovindas.com.au/",1,"https://maps.google.com/?cid=13380705504521648914"
"ChIJuY12VKBQkWsR4306CFN9ixU","Swiss Gourmets Delicatessen",4.6,47,"181 Boundary St, West End QLD 4101, Australia","http://www.swissgourmet.com.au/",1,"https://maps.google.com/?cid=1552472292133076451"
"ChIJ4Xun8dFbkWsRlDk_iDgoezI","Greenhouse Canteen + Bar",4.6,108,"66 Manning St, South Brisbane QLD 4101, Australia","https://www.greenhousecanteen.com/",,"https://maps.google.com/?cid=3637545347300931988"
"ChIJn_wnqKJQkWsRZ-_vjML-xwM","La Lupa",4.6,223,"Shop 3/321 Montague Rd, West End QLD 4101, Australia","http://www.lupapizzabar.com.au/",2,"https://maps.google.com/?cid=272466414020849511"
"ChIJGY5ftnRakWsRuOwg13qR-KU","Punjabi Flavour",4.6,63,"43 Gladstone Rd, Highgate Hill QLD 4101, Australia","https://ordermate.online/punjabiflavour/",,"https://maps.google.com/?cid=11959468767263648952"
"ChIJj5o2jKBQkWsRkio7FYvR4hg","Lokal + Co",4.6,210,"6 O'Connell St, West End QLD 4101, Australia","http://www.lokalandco.com.au/",2,"https://maps.google.com/?cid=1793225996933737106"
"ChIJ75j4e5lQkWsRg-wieIPdhzE","Thai Patcharin",4.6,66,"172 Hardgrave Rd, West End QLD 4101, Australia","https://www.thaipatcharin.com/",,"https://maps.google.com/?cid=3569064786440416387"
"ChIJO0UQohtakWsR5mx7bsyUKlU","Port Office Dining Room",4.6,91,"40 Edward St, Brisbane City QLD 4000, Australia","http://www.portofficehotel.com.au/",3,"https://maps.google.com/?cid=6136881047993543910"
"ChIJt39NuhtakWsRMJIiMMD7vLQ","Walter's Steakhouse and Wine Bar",4.6,216,"219 Alice St, Brisbane City QLD 4000, Australia","http://www.waltersbrisbane.com.au/",,"https://maps.google.com/?cid=13023561025308496432"
"ChIJ26nIeRZakWsRo2tGvV7LbDk","An Cafe Vietnamese Street Food",4.6,239,"1/738 Main St, Kangaroo Point QLD 4169, Australia","http://www.ancafe.com.au/",1,"https://maps.google.com/?cid=4137905765409516451"
"ChIJK3BPpzxakWsRuTQ8zrv4RIE","Sushi Kotobuki",4.6,574,"3/53 Lytton Rd, East Brisbane QLD 4169, Australia","http://sushikotobuki.com.au/",1,"https://maps.google.com/?cid=9314843414811653305"
"ChIJ7Qhl7jxakWsRnlT6sAHQ7vY","Semi-Pro Brewing Co",4.6,221,"65 Manilla St, East Brisbane QLD 4169, Australia","http://www.semiprobrewing.com.au/",2,"https://maps.google.com/?cid=17793387883470148766"
"ChIJ2xC5OBVakWsRCDIAuW0Ls7M","1889 Enoteca",4.6,419,"10-12 Logan Rd, Woolloongabba QLD 4101, Australia","http://www.1889enoteca.com.au/",2,"https://maps.google.com/?cid=12948705919503446536"
"ChIJOf5fRxVakWsRzm1Oybh8wVw","Canvas Club",4.6,276,"16B Logan Rd, Woolloongabba QLD 4102, Australia","http://www.canvasclub.com.au/",2,"https://maps.google.com/?cid=6683760455087713742"
"ChIJg0gh1j1akWsR83Q00YIt310","Banana Leaf Thai:East Brisbane",4.6,171,"4/121 Wellington Rd, East Brisbane QLD 4169, Australia","http://www.bananaleafthai.com.au/",2,"https://maps.google.com/?cid=6764175205212648691"
"ChIJV1G0NhVakWsRVbZDusAy7-E","Detour",4.6,187,"11 Logan Rd, Woolloongabba QLD 4102, Australia","http://www.detourrestaurant.com.au/",3,"https://maps.google.com/?cid=16280286981307741781"
"ChIJ-f-_5T9akWsRV7pkjTWRGd8","Ku-O at the Gabba",4.6,102,"5/28 Trafalgar St, Woolloongabba QLD 4102, Australia","https://m.facebook.com/kuoatthegabba/",2,"https://maps.google.com/?cid=16076040004067179095"
"ChIJI05zQzhakWsRlkjlxwpauvg","The Wolfe",4.6,127,"989 Stanley St E, East Brisbane QLD 4169, Australia","https://www.thewolferestaurant.com/",3,"https://maps.google.com/?cid=17922736669424175254"
"ChIJsVDGhxxakWsRMNKK3q0bNuY","Malt Dining",4.5,338,"28 Market St, Brisbane City QLD 4000, Australia","http://maltdining.com.au/",3,"https://maps.google.com/?cid=16588476711042732592"
"ChIJHQ70Jx1akWsRftGFh_g9LDA","The Brisbane Club",4.5,96,"241 Adelaide St, Brisbane City QLD 4000, Australia","http://brisbaneclub.com.au/",3,"https://maps.google.com/?cid=3471217550430687614"
"ChIJr2geshxakWsRMae1VSBtKmA","Tattersall's Club",4.5,78,"215 Queen St, Brisbane City QLD 4000, Australia","http://www.tattersallsclub.com/",,"https://maps.google.com/?cid=6929470962307278641"
"ChIJkyEKiwRakWsRu0NFZHvbKxU","Felix For Goodness",4.5,416,"50 Burnett Ln, Brisbane City QLD 4000, Australia","http://felixforgoodness.com/",2,"https://maps.google.com/?cid=1525554221804766139"
"ChIJEexjkR1akWsRQOiY61WMZ28","Alchemy Restaurant & Bar",4.5,317,"175 Eagle St, Brisbane City QLD 4000, Australia","http://www.alchemyrestaurant.com.au/",1,"https://maps.google.com/?cid=8027539161463973952"
"ChIJhTAH8x1akWsRqCdI2Wzu-Ug","Customs House",4.5,604,"399 Queen St, Brisbane City QLD 4000, Australia","http://www.customshouse.com.au/",3,"https://maps.google.com/?cid=5258496191201028008"
"ChIJ1SHx8BpakWsR1Z93cabDB3c","The Walnut Restaurant and Lounge Bar",4.5,101,"152 Alice St, Brisbane City QLD 4000, Australia","http://www.thewalnutrestaurant.com.au/",2,"https://maps.google.com/?cid=8577039134986051541"
"ChIJS-X4Eh9akWsRE7ZXzDZrHOg","Summer House Restaurant, Caf� & Bar",4.5,266,"15 Goodwin St, Kangaroo Point QLD 4169, Australia","http://www.summerhousebrisbane.com.au/",2,"https://maps.google.com/?cid=16725360999247885843"
"ChIJO8qI1YhbkWsRSSEAig_ueJM","Sea Legs Brewing Co",4.5,65,"89 Main St, Kangaroo Point QLD 4169, Australia","http://www.sealegsbrewing.com.au/",1,"https://maps.google.com/?cid=10626505071287869769"
"ChIJXfkcwYlZkWsR5Bv3aqsX84c","DA'Burger New Farm",4.5,604,"876 Brunswick St, New Farm QLD 4005, Australia","https://daburger-new-farm.business.site/?utm_source=gmb&utm_medium=referral",2,"https://maps.google.com/?cid=9796199639462386660"
"ChIJ-Zd2Ph1akWsRk51FVI_Uaso","Botero House",4.5,314,"258 Adelaide St, Brisbane City QLD 4000, Australia","http://www.boterohouse.com.au/",,"https://maps.google.com/?cid=14585704055252032915"
"ChIJRe61ah1akWsROS9dhjRl_Ds","Alta Cafe & Catering",4.5,41,"270 Adelaide St, Brisbane City QLD 4000, Australia","http://www.altacafe.com.au/",1,"https://maps.google.com/?cid=4322441018635792185"
"ChIJmYqubx1akWsR1DPL1_FSy2Y","Casa di Louie",4.5,69,"Infocasadilouie@gmail.com, 316 Adelaide St, Brisbane City QLD 4000, Australia",,,"https://maps.google.com/?cid=7407105210801927124"
"ChIJxV5_8gJakWsRP4jqA8OimoU","United Service Club Queensland",4.5,88,"183 Wickham Terrace, Spring Hill QLD 4000, Australia","http://www.unitedserviceclub.com.au/",,"https://maps.google.com/?cid=9627186111925880895"
"ChIJER0_H_ZZkWsRTT7ZFHOewUA","Taro's Ramen",4.5,602,"L2/480 Queen St, Brisbane City QLD 4000, Australia","http://www.taros.com.au/",1,"https://maps.google.com/?cid=4666184906040753741"
"ChIJJwHIhx1akWsRAzzICcrxuFQ","Jees Burger & Chicken Adelaide St.",4.5,109,"363 Adelaide St, Brisbane City QLD 4000, Australia","https://m.facebook.com/Jees-Burger-164419084180357/",,"https://maps.google.com/?cid=6104895144950512643"
"ChIJ07LBKvZZkWsRhNaDDHT3Jew","Collective Kitchen & Bar",4.5,153,"369 Ann St, Brisbane City QLD 4000, Australia","http://www.collectivekitchen.com.au/",2,"https://maps.google.com/?cid=17016278844887520900"
"ChIJc10ACgVZkWsRtEM_tlprNyE","MD's Italian Kitchen & Bar",4.5,69,"shop 8/9/455 Brunswick St, Fortitude Valley QLD 4006, Australia","https://www.mdsitalian.com.au/",,"https://maps.google.com/?cid=2393499764319536052"
"ChIJB6j6CotZkWsRE3Lk6nffYvI","Himalayan Cafe",4.5,304,"640 Brunswick St, New Farm QLD 4005, Australia",,2,"https://maps.google.com/?cid=17465768011031147027"
"ChIJJ2sdYI9ZkWsRG52nc-f3eK0","Mizu Japanese Restaurant",4.5,171,"2 Macquarie St, Newstead QLD 4005, Australia","https://www.mizurestaurant.com.au/",2,"https://maps.google.com/?cid=12500013339216682267"
"ChIJ0ZjQJQFZkWsRbK9seFSXDVc","Spring Hill Kitchen",4.5,89,"50 St Pauls Terrace, Spring Hill QLD 4000, Australia","https://spring-hill-kitchen.com.au/",1,"https://maps.google.com/?cid=6272836245050404716"
"ChIJ4_RdWvFZkWsRbJAHln-5W3A","Les Bubbles Steakhouse",4.5,771,"144 Wickham St, Fortitude Valley QLD 4006, Australia","http://www.lesbubbles.com.au/",2,"https://maps.google.com/?cid=8096268712757661804"
"ChIJ2RCJTo1ZkWsRYrE1Tq4t4l4","Gerards Bistro",4.5,439,"14/15 James St, Fortitude Valley QLD 4006, Australia","http://www.gerardsbistro.com.au/",3,"https://maps.google.com/?cid=6837077410961535330"
"ChIJG9O6OpFZkWsRAf7b7LlR5pY","Tippler's Tap",4.5,110,"2/70 James St, Fortitude Valley QLD 4006, Australia","http://www.tipplerstap.com.au/",2,"https://maps.google.com/?cid=10873468209317281281"
"ChIJ7whzKOxZkWsRGCV69p5adm8","Rydges Fortitude Valley",4.5,859,"601 Gregory Terrace, Bowen Hills QLD 4006, Australia","https://www.rydges.com/accommodation/brisbane-qld/fortitude-valley-brisbane/",,"https://maps.google.com/?cid=8031706624248390936"
"ChIJh_XqzPNZkWsRkCLhZ5gmLEw","Greaser",4.5,210,"259 Brunswick St, Fortitude Valley QLD 4006, Australia","http://greaser.com.au/",2,"https://maps.google.com/?cid=5488804481877484176"
"ChIJz2uc1ZJZkWsRmXlgxuZlzxs","The Sushi 79",4.5,47,"Shop29/1000 Ann St, Fortitude Valley QLD 4006, Australia",,,"https://maps.google.com/?cid=2003932401048254873"
"ChIJ7xtnTe1ZkWsR7oKyAWbV9zc","Mr Chester Wine Bar",4.5,128,"2/850 Ann St, Fortitude Valley QLD 4006, Australia","http://www.mrchesterwine.com/",2,"https://maps.google.com/?cid=4032926625425425134"
"ChIJK1b6nCFZkWsRcxdHGAQkJIc","Seoul Samm",4.5,142,"8&8m, 100 McLachlan St, Fortitude Valley QLD 4006, Australia","http://www.seoulssamm.com/",,"https://maps.google.com/?cid=9737947894287636339"
"ChIJifpPC4RZkWsRm2GEPjiMTD8","Streetcorner Jimmy",4.5,44,"38 Vernon Terrace, Teneriffe QLD 4005, Australia","http://www.streetcornerjimmy.com.au/",,"https://maps.google.com/?cid=4561174695814390171"
"ChIJwx8-25BZkWsRtft9rQoy6C0","Ruean Phae Thai Restaurant on Newstead",4.5,128,"136 Commercial Rd, Newstead QLD 4006, Australia",,1,"https://maps.google.com/?cid=3307948947745405877"
"ChIJVWVPWvtZkWsRQKUg11ujAg8","Victoria Park Golf Complex",4.5,1907,"309 Herston Rd, Brisbane City QLD 4006, Australia","http://www.victoriapark.com.au/",,"https://maps.google.com/?cid=1081606475368932672"
"ChIJ20oOgvZZkWsRprgcNfznQ48","e'cco bistro",4.5,223,"shop 8/63 Skyring Terrace, Newstead QLD 4006, Australia","http://www.eccobistro.com/",3,"https://maps.google.com/?cid=10323349841272158374"
"ChIJfTS-IpRZkWsRTQ9QIzouLlY","Betty's Burgers & Concrete Co",4.5,970,"4A/63 Skyring Terrace, Newstead QLD 4006, Australia","http://www.bettysburgers.com.au/",2,"https://maps.google.com/?cid=6209951763425922893"
"ChIJfTS-IpRZkWsRwk7Sn4voD3Y","Cheeky Poke Bar (Newstead)",4.5,280,"63 Skyring Terrace, Newstead QLD 4006, Australia","http://cheekypokebar.com.au/",2,"https://maps.google.com/?cid=8507273907505614530"
"ChIJUTNQHplZkWsRCNxI3LD3zNQ","Revel Brewing Co.",4.5,125,"41 Oxford St, Bulimba QLD 4171, Australia","http://www.revelbrewingco.com.au/",2,"https://maps.google.com/?cid=15333903170271763464"
"ChIJY8hESvtn1moRFW6Nzz5mHTM","The Milk Factory Kitchen & Bar",4.5,370,"48 Montague Rd, South Brisbane QLD 4101, Australia","http://www.themilkfactorybar.com.au/",2,"https://maps.google.com/?cid=3683212490215091733"
"ChIJY75ErQZakWsR_4T4IRZmq9M","Mrs Luu's Vietnamese Canteen",4.5,44,"40 Tank St, Brisbane City QLD 4000, Australia","https://www.mrsluus.com.au/",,"https://maps.google.com/?cid=15252396808265565439"
"ChIJxz0iBwdakWsRqANrlcIYSnA","GOMA Restaurant",4.5,50,"Gallery of Modern Art, Stanley Place, Cultural Precinct, South Brisbane QLD 4101, Australia","https://www.qagoma.qld.gov.au/visit/eat-and-drink/goma-restaurant",,"https://maps.google.com/?cid=8091306904534057896"
"ChIJebuhqBtakWsRje3esCUVd_0","Moda Tapas. Brasa. Bar",4.5,251,"61 Petrie Terrace, QLD 4000, Australia","http://www.modarestaurant.com.au/",3,"https://maps.google.com/?cid=18264090065449708941"
"ChIJ9TThHbBQkWsR-4-mtHVNpEU","The Fishery",4.5,193,"6a/16 Baroona Rd, Milton QLD 4064, Australia","http://www.thefishery.net.au/",,"https://maps.google.com/?cid=5018221052734902267"
"ChIJk84I1rBQkWsR0FFZqblNwLc","Blue Room Cinebar",4.5,913,"151 Baroona Rd, Paddington QLD 4064, Australia","https://www.blueroomcinebar.com/",,"https://maps.google.com/?cid=13240668364274749904"
"ChIJue6wLbFQkWsRKWrsvS8QZkg","Grill'd Rosalie",4.5,303,"19-21 Nash St, Rosalie QLD 4064, Australia","https://www.grilld.com.au/restaurants/queensland/brisbane/rosalie#GoogleLocal",2,"https://maps.google.com/?cid=5216875015591193129"
"ChIJq2z9DKxQkWsRdAxHlTynbl0","Q-Masters",4.5,163,"level 1/47 Castlemaine St, Milton QLD 4064, Australia","http://www.qmasters.com.au/",,"https://maps.google.com/?cid=6732502371609807988"
"ChIJZSbA3TBRkWsRDdBETY5YV_A","Kaisen Japanese Restaurant",4.5,54,"#6/157 Given Terrace, Paddington QLD 4064, Australia","http://kaisen-japanese-restaurant.business.site/",,"https://maps.google.com/?cid=17318408260281487373"
"ChIJlaEaQq1QkWsRfYzbMAHHwAc","HOPE & ANCHOR",4.5,190,"267 Given Terrace, Paddington QLD 4064, Australia","http://www.hopeandanchor.net.au/",2,"https://maps.google.com/?cid=558665161722530941"
"ChIJk8pWXbNQkWsRAgqj4Zvibrk","King Tea",4.5,164,"100 Latrobe Terrace, Paddington QLD 4064, Australia","http://king-tea.co/",1,"https://maps.google.com/?cid=13361866303588207106"
"ChIJf8CyyLRQkWsRYwwyoeD63Xo","Spicy I'm Thai on paddington",4.5,142,"6/147 Latrobe Terrace, Paddington QLD 4064, Australia","https://spicyimthai.com/",1,"https://maps.google.com/?cid=8853508285164293219"
"ChIJa-YSO1ZXkWsRjEZaGIKwWW8","Kamiil's Kebabs",4.5,123,"44 Musk Ave, Kelvin Grove QLD 4059, Australia","https://www.kamiilskebabs.com/",,"https://maps.google.com/?cid=8023638283938055820"
"ChIJDQ9vJ1ZXkWsRVPoB30fu8dQ","Carraway Pier",4.5,99,"The Village Centre Shop, 17 Carraway St, Kelvin Grove QLD 4059, Australia",,,"https://maps.google.com/?cid=15344307397879528020"
"ChIJ48jhxVNXkWsRe1BHcc3kyDo","Red Ocean Sea Food",4.5,114,"7/152 Musgrave Rd, Red Hill QLD 4059, Australia",,1,"https://maps.google.com/?cid=4235887020561879163"
"ChIJ0xfx7lBXkWsRVhnODJyYwTI","Little Red Providore",4.5,112,"63 Windsor Rd, Red Hill QLD 4059, Australia","http://littleredprovidore.com.au/",,"https://maps.google.com/?cid=3657372168398707030"
"ChIJxRdoJxtakWsRJ82tNAdbyws","Capri by Fraser, Brisbane",4.5,822,"80 Albert St, Brisbane City QLD 4000, Australia","https://brisbane.capribyfraser.com/?utm_source=google_map&utm_medium=organic",,"https://maps.google.com/?cid=849873041196174631"
"ChIJEc7KSBtakWsR1nYoOoFC8mw","Men Ya Go - Albert St",4.5,255,"Shop 4/123 Albert St, Brisbane City QLD 4000, Australia","http://www.menyago.com.au/",2,"https://maps.google.com/?cid=7850410223254140630"
"ChIJs8b5QwhakWsRocHaFhUo2fg","Saccharomyces Beer Cafe",4.5,594,"Fish Ln, South Brisbane QLD 4101, Australia","http://www.sbcbar.com/",2,"https://maps.google.com/?cid=17931407462395199905"
"ChIJ3fj8yg5akWsR__VAJpL83uo","Bacchus",4.5,361,"Podium Level, Rydges South Bank, Glenelg Street & Grey Street, South Brisbane QLD 4101, Australia","http://www.bacchussouthbank.com.au/",4,"https://maps.google.com/?cid=16924242154342118911"
"ChIJl1IObQhakWsRAW7wCchRbQY","Ol' School Fish Eatery",4.5,187,"58 Hope St, South Brisbane QLD 4101, Australia","http://olschool.co/",2,"https://maps.google.com/?cid=463116256291089921"
"ChIJS9ipowlakWsRxDHSRWF7zD4","Ginger & Green",4.5,77,"52 Merivale St, South Brisbane QLD 4101, Australia","https://www.facebook.com/Gingerandgreensouthbrisbane/",2,"https://maps.google.com/?cid=4525127383313953220"
"ChIJ9YCNLAhakWsRsvpiUVumxRY","Wandering Cooks",4.5,374,"Corner of Fish Lane &, Cordelia St, South Brisbane QLD 4101, Australia","http://wanderingcooks.com.au/",2,"https://maps.google.com/?cid=1640900550384089778"
"ChIJjUNySadQkWsRpF8T4eWgJbE","Izakana-Ya-Okuman",4.5,292,"6/220 Melbourne St, South Brisbane QLD 4101, Australia","http://okuman.com.au/",2,"https://maps.google.com/?cid=12764785628035637156"
"ChIJE7pkaaNakWsRWDkrv3DQvoQ","Mu'ooz Restaurant & Catering",4.5,182,"54 Mollison St, West End QLD 4101, Australia","http://www.muooz.com.au/",2,"https://maps.google.com/?cid=9565311841243707736"
"ChIJjUNySadQkWsRUOftDIBBD08","Bird's Nest Restaurant",4.5,626,"Shop 5/220 Melbourne St, South Brisbane QLD 4101, Australia","http://birdsnestrestaurant.com.au/",2,"https://maps.google.com/?cid=5696844071875503952"
"ChIJd-8cVLtQkWsRWjp2_ptceSo","Four Sisters on Lang",4.5,111,"1/43 Lang Parade, Auchenflower QLD 4066, Australia","http://foursistersonlang.com/",1,"https://maps.google.com/?cid=3060579246833810010"
"ChIJ4bTdWZFZkWsRuDxev-3r5Ao","Tippler's Tap",4.5,824,"5/182 Grey St, South Brisbane QLD 4101, Australia","http://www.tipplerstap.com.au/",2,"https://maps.google.com/?cid=785011641419709624"
"ChIJjUb3TaBQkWsR0LZqhLL4MO8","El Torito Mexican Restaurant",4.5,253,"146 Boundary St, West End QLD 4101, Australia","http://www.eltoritomexican.com.au/",2,"https://maps.google.com/?cid=17235549219556341456"
"ChIJZ-pcUKBQkWsRBAtt0EtbmLU","Covent Garden - Gin Bar & Restaurant",4.5,249,"142 Boundary St, West End QLD 4101, Australia","http://www.coventgarden.com.au/",2,"https://maps.google.com/?cid=13085309098502458116"
"ChIJrZuYkqFQkWsRwcjzFNptxh4","Sea Fuel",4.5,433,"57 Vulture St, West End QLD 4101, Australia","https://seafuel.com.au/",2,"https://maps.google.com/?cid=2217580649948367041"
"ChIJa0SOJNBbkWsRArdJerkLeXY","The Terrace",4.5,53,"Emporium Hotel South Bank, Level 21/267 Grey St, South Brisbane QLD 4101, Australia","https://www.emporiumhotels.com.au/eat-and-drink.html",,"https://maps.google.com/?cid=8536867459905992450"
"ChIJ-UxnRaBQkWsR91aCZ4oibJw","The Catchment Brewing Co",4.5,97,"150 Boundary St, West End QLD 4101, Australia","http://catchmentbrewingco.com.au/",2,"https://maps.google.com/?cid=11271421945238935287"
"ChIJEeT-eplQkWsR5uYxbFYVwUs","Lefkas Taverna",4.5,669,"170 Hardgrave Rd, West End QLD 4101, Australia","http://www.lefkas.com.au/",2,"https://maps.google.com/?cid=5458667684276332262"
"ChIJJQLm1ZtQkWsRaePQeMhErNQ","Caravanserai",4.5,313,"1 Dornoch Terrace, West End QLD 4101, Australia","https://caravanserai.restaurant/",2,"https://maps.google.com/?cid=15324699259846058857"
"ChIJgxp6KB1akWsRm6_SScnKRgY","The Westin Brisbane",4.5,272,"111 Mary St, Brisbane City QLD 4000, Australia","https://www.marriott.com/hotels/travel/bnewi-the-westin-brisbane/?scid=bb1a189a-fec3-4d19-a255-54ba596febe2",,"https://maps.google.com/?cid=452271778473095067"
"ChIJLfXOvBVakWsREvjcZYIECCM","Zum Kaiser German Restaurant",4.5,61,"Inside Brisbane German Club, 416 Vulture St, Woolloongabba QLD 4102, Australia","http://www.brisbanegermanclub.com/",2,"https://maps.google.com/?cid=2524272549242402834"
"ChIJ6ZVcfz5akWsRA9e6Mor3ONU","Zio Marios Restaurant",4.5,67,"1 Mowbray Terrace, East Brisbane QLD 4169, Australia","http://www.ziomarios.com/",,"https://maps.google.com/?cid=15364302301703100163"
"ChIJ0-C56D9akWsRJUB0KP2QLQQ","Ristorante La Famiglia",4.5,214,"3/855 Stanley St, Woolloongabba QLD 4102, Australia","http://www.ristorantelafamiglia.com.au/?utm_source=google&utm_medium=gmb",2,"https://maps.google.com/?cid=301056167083524133"
"ChIJ6_AlKkBakWsR_z1ub26_lRc","The Cave Inn",4.5,105,"47 Balaclava St, Woolloongabba QLD 4102, Australia","http://www.thecaveinn.net/",,"https://maps.google.com/?cid=1699474915439033855"